Suki,Paddie,spaddie0@hugedomains.com,Flipopia,325003
Conrade,Ketley,cketley1@comsenz.com,Photojam,728909
Evvie,Sydney,esydney2@un.org,Gabspot,345771
Bernice,Cramer,bcramer3@blinklist.com,Gigabox,931417
Brockie,Crohan,bcrohan4@narod.ru,Yata,983066
Margarete,MacQuarrie,mmacquarrie5@google.com.au,Trunyx,567880
Ferdie,Crayke,fcrayke6@senate.gov,Fivebridge,329020
Lem,Volant,lvolant7@goodreads.com,Wordify,441933
Engracia,Melwall,emelwall8@ycombinator.com,Bubblemix,338268
Sherlocke,Schonfelder,sschonfelder9@blogtalkradio.com,Rhybox,521820
Rafaellle,Phelipeaux,rphelipeauxa@so-net.ne.jp,Quimba,867127
Maynard,Dailey,mdaileyb@jiathis.com,Nlounge,205817
Farr,Sweedy,fsweedyc@boston.com,Feedspan,114576
Beatrisa,Sainte Paul,bsaintepauld@weather.com,Eidel,62229
Vivienne,Merali,vmeralie@deliciousdays.com,Blogtags,633519
Pace,Dulake,pdulakef@so-net.ne.jp,Plambee,424830
Alonso,Orrin,aorring@vkontakte.ru,Rhynoodle,82030
Petronella,Slyne,pslyneh@google.pl,Yabox,607781
Mira,Hourigan,mhourigani@addthis.com,InnoZ,210192
Merola,Ornelas,mornelasj@usnews.com,Mybuzz,116611
Berenice,Gulk,bgulkk@upenn.edu,Photospace,937471
Hugibert,Pechard,hpechardl@cocolog-nifty.com,Realbridge,149890
Ninetta,Gotch,ngotchm@blog.com,Latz,376098
Reagan,Habberjam,rhabberjamn@adobe.com,Realblab,395621
Perceval,Pingston,ppingstono@com.com,Skinder,893680
Vanni,Bendel,vbendelp@prweb.com,Eazzy,847648
Jarred,Janous,jjanousq@ihg.com,Photolist,396993
Northrop,Gullick,ngullickr@smugmug.com,Oyondu,164536
Quinlan,Mainston,qmainstons@fc2.com,Topiclounge,543060
Anissa,Westrip,awestript@wiley.com,Voolith,677330
Carlyn,Maydway,cmaydwayu@linkedin.com,Rhynoodle,473251
Cherry,McArthur,cmcarthurv@goo.ne.jp,Skibox,406377
Field,Sharphurst,fsharphurstw@blogtalkradio.com,Linkbridge,94145
Astrid,Pleaden,apleadenx@who.int,Skibox,183698
Lynnet,Juliano,ljulianoy@cloudflare.com,Ainyx,434867
Aleece,Kasher,akasherz@people.com.cn,Voolia,560787
Jan,Carthy,jcarthy10@feedburner.com,Gabcube,572613
Marris,Mower,mmower11@bbb.org,Omba,984787
Michel,McCarthy,mmccarthy12@census.gov,Quimba,628476
Wanids,McDougal,wmcdougal13@archive.org,Demimbu,634437
Aurore,Spensly,aspensly14@redcross.org,Edgetag,173613
Sky,Trundell,strundell15@wp.com,Katz,215361
Nowell,Meriel,nmeriel16@yellowpages.com,Feedbug,797579
Randie,Mapp,rmapp17@phpbb.com,Oloo,589485
Barrie,Carstairs,bcarstairs18@unc.edu,Oloo,553395
Giuseppe,Bycraft,gbycraft19@uol.com.br,Skyvu,861870
Prince,Relton,prelton1a@miibeian.gov.cn,Browsebug,260608
Meggy,Petrashkov,mpetrashkov1b@java.com,Riffwire,821408
Maximilianus,Maidens,mmaidens1c@salon.com,Wikizz,896217
Marie-ann,Durning,mdurning1d@foxnews.com,Kwimbee,502530
Inglis,Hexham,ihexham1e@sakura.ne.jp,Yambee,629762
Nike,Flanigan,nflanigan1f@vk.com,Yozio,784758
Sam,Baumber,sbaumber1g@pbs.org,Twinte,736952
Rae,Sked,rsked1h@about.me,Janyx,209426
Laurent,Duffus,lduffus1i@google.ru,Youspan,921062
Stearn,Davidzon,sdavidzon1j@nasa.gov,Riffwire,756081
Adella,Dinis,adinis1k@wikispaces.com,Mycat,532368
West,Hillum,whillum1l@purevolume.com,Trilith,191673
Freddy,Phillot,fphillot1m@patch.com,Wikido,701920
Felix,Luscott,fluscott1n@wikispaces.com,Thoughtblab,465962
Jaquenette,Bugg,jbugg1o@booking.com,Linktype,715749
Ermanno,Probat,eprobat1p@slate.com,Rhyzio,327001
Esmaria,Coates,ecoates1q@e-recht24.de,Realmix,401024
Allister,Antrobus,aantrobus1r@google.it,Kwilith,370875
Wenonah,Hempshall,whempshall1s@yellowpages.com,Ailane,878973
Aurora,Culverhouse,aculverhouse1t@usgs.gov,Wikizz,164970
Keane,Symers,ksymers1u@timesonline.co.uk,Buzzdog,716317
Zonda,Weerdenburg,zweerdenburg1v@skyrock.com,Tambee,652422
Cyril,Iveson,civeson1w@vistaprint.com,Youfeed,736475
Dedra,Merrall,dmerrall1x@lulu.com,Devpoint,237115
Emlynne,Schieferstein,eschieferstein1y@newyorker.com,Mycat,955304
Olav,Somerled,osomerled1z@bloglovin.com,Zoombox,881349
Fayina,Sparrow,fsparrow20@php.net,Browsebug,619352
Korney,McClymont,kmcclymont21@vinaora.com,Gigaclub,543106
Emanuele,Lyall,elyall22@ovh.net,Rooxo,348347
Mathian,Le Blanc,mleblanc23@pbs.org,Skivee,953927
Lorenza,Bridgeland,lbridgeland24@studiopress.com,Blogtag,911959
Jilli,Cheales,jcheales25@auda.org.au,Divanoodle,565564
Lauryn,Pasby,lpasby26@wired.com,Skinte,645806
Micheline,MacBean,mmacbean27@mit.edu,Kaymbo,224471
Cyrill,Dacey,cdacey28@theglobeandmail.com,Zooveo,334530
Paton,Filipputti,pfilipputti29@reuters.com,Jamia,818676
Brynn,Degli Antoni,bdegliantoni2a@163.com,Photobug,286400
Dorrie,Maplestone,dmaplestone2b@ycombinator.com,Aibox,251202
Mariejeanne,Grafton-Herbert,mgraftonherbert2c@geocities.jp,Dabtype,882587
Ruby,Cattroll,rcattroll2d@posterous.com,Gevee,952500
Booth,Cruz,bcruz2e@wikispaces.com,Blogtags,784441
Cherie,Ardley,cardley2f@addtoany.com,Thoughtsphere,501351
Radcliffe,Luckhurst,rluckhurst2g@dailymotion.com,Oyonder,891106
Corey,Hambright,chambright2h@devhub.com,Voonix,737542
Daniela,Bilofsky,dbilofsky2i@yahoo.co.jp,Oyondu,701953
Der,Lauderdale,dlauderdale2j@usda.gov,Twinte,478793
Jesse,Grube,jgrube2k@tripadvisor.com,Zoomzone,861961
Faustina,Wildey,fwildey2l@telegraph.co.uk,Midel,313020
Almira,Randales,arandales2m@bloglines.com,Wikizz,911162
Cammy,Kilrow,ckilrow2n@slashdot.org,Thoughtworks,76701
Arliene,Spark,aspark2o@dmoz.org,Muxo,735910
Nariko,Shiel,nshiel2p@vimeo.com,Gevee,322928
Noemi,Bertlin,nbertlin2q@cisco.com,Dynazzy,642951
Dilan,Brisland,dbrisland2r@deliciousdays.com,Plajo,403941
Price,Bantham,pbantham2s@sina.com.cn,Youfeed,656865
Jarred,Spileman,jspileman2t@yellowpages.com,Browsezoom,121126
Eunice,Hullins,ehullins2u@time.com,Realbuzz,484708
Moshe,McGillreich,mmcgillreich2v@stanford.edu,Kayveo,73921
Jana,Ruspine,jruspine2w@ameblo.jp,Brainbox,369289
Tomi,Rolles,trolles2x@engadget.com,Livepath,207508
Lottie,Haresign,lharesign2y@buzzfeed.com,Devify,769694
Redford,Keighley,rkeighley2z@wsj.com,Jamia,599656
Lonna,McKintosh,lmckintosh30@uiuc.edu,Yodo,692993
Olenolin,Russi,orussi31@java.com,Twinder,857680
Margaretha,Wolfart,mwolfart32@deliciousdays.com,Yodo,727956
Brittney,Stuchbery,bstuchbery33@marriott.com,Voomm,813081
Hamnet,Goodram,hgoodram34@php.net,Zoovu,652866
Myrta,Hatcher,mhatcher35@seattletimes.com,Meetz,936789
Tiler,Seggie,tseggie36@linkedin.com,Agimba,460542
Bartholemy,Flawith,bflawith37@reuters.com,Quire,79723
Thaddus,Kilcoyne,tkilcoyne38@sohu.com,Oyoba,189628
Yehudit,Cocksedge,ycocksedge39@sina.com.cn,Shufflebeat,906956
Domeniga,MacGinley,dmacginley3a@printfriendly.com,Zava,349267
Roman,Simonutti,rsimonutti3b@symantec.com,Dynava,680008
Susie,Boumphrey,sboumphrey3c@oracle.com,Oba,813318
Kenon,Bernhard,kbernhard3d@timesonline.co.uk,Pixoboo,832262
Madelle,Emanueli,memanueli3e@businesswire.com,Ainyx,647968
Meyer,Turri,mturri3f@europa.eu,Dynabox,557443
Salomi,Matej,smatej3g@fotki.com,Oodoo,57927
Pammie,Ferandez,pferandez3h@wufoo.com,Zoombeat,375756
Emmery,Hance,ehance3i@cisco.com,Mydeo,337494
Joleen,Eynaud,jeynaud3j@who.int,Browsedrive,60164
Flo,Orrom,forrom3k@mlb.com,Brainlounge,662938
Hilliard,Tsarovic,htsarovic3l@un.org,Blognation,500641
Claus,Mattia,cmattia3m@msn.com,Oodoo,495700
Cassius,Tuxell,ctuxell3n@flavors.me,Einti,204768
Vanessa,Borgne,vborgne3o@ning.com,Layo,543741
Blinnie,Bradlaugh,bbradlaugh3p@bravesites.com,Skibox,237125
Lavinie,Pietzker,lpietzker3q@cloudflare.com,Edgeify,526906
Clyve,Ebbers,cebbers3r@reverbnation.com,Gigaclub,163206
Flem,Harrisson,fharrisson3s@de.vu,Lazzy,646495
Justinn,Spurling,jspurling3t@creativecommons.org,Rhycero,101194
Dorothea,McCorley,dmccorley3u@livejournal.com,Minyx,170617
Giselbert,Humes,ghumes3v@sitemeter.com,Oyondu,371018
Minnie,DeSousa,mdesousa3w@unicef.org,Brainverse,220566
Elsworth,Oxley,eoxley3x@issuu.com,Youopia,761857
Jonis,Bernaciak,jbernaciak3y@nytimes.com,Myworks,653392
Maren,Thackwray,mthackwray3z@cocolog-nifty.com,Photofeed,541866
Corri,Eyckel,ceyckel40@google.com.br,Youopia,374829
Ceil,Sondland,csondland41@opensource.org,Reallinks,335490
Drucie,Dionisetto,ddionisetto42@auda.org.au,Roomm,437853
Ferdinand,Broughton,fbroughton43@archive.org,Photobean,864580
Chris,Densumbe,cdensumbe44@liveinternet.ru,Vitz,379073
Karita,Anersen,kanersen45@ebay.co.uk,Thoughtworks,540420
Maxie,Allsebrook,mallsebrook46@netscape.com,Jabberbean,322236
Francine,Brigden,fbrigden47@loc.gov,Yacero,547651
Garvin,Pinchbeck,gpinchbeck48@sphinn.com,Tagtune,507126
Brade,Castelletto,bcastelletto49@ucoz.com,Oyondu,978315
Nyssa,MacGuigan,nmacguigan4a@ustream.tv,Zooveo,712180
Maribelle,Liveing,mliveing4b@mlb.com,Rhycero,367460
Niall,Bather,nbather4c@cmu.edu,Tanoodle,683868
Harrison,Canner,hcanner4d@weebly.com,Fiveclub,128758
Catherine,Loder,cloder4e@smh.com.au,Zoomzone,255004
Tracee,Mifflin,tmifflin4f@answers.com,Edgeclub,127996
Cecily,Neame,cneame4g@discuz.net,Minyx,241158
Ninette,Got,ngot4h@spotify.com,Nlounge,756690
Randall,McVane,rmcvane4i@china.com.cn,Cogidoo,242759
Dasi,Bowkley,dbowkley4j@devhub.com,Rhycero,736403
Leanna,Heditch,lheditch4k@ted.com,Tagfeed,456346
Ashla,Ryle,aryle4l@soundcloud.com,Kayveo,767281
Amata,Jochanany,ajochanany4m@paginegialle.it,Blogtags,895133
Curr,Benda,cbenda4n@hatena.ne.jp,Janyx,502008
Vaughn,Doxey,vdoxey4o@dropbox.com,Bubbletube,81764
Rhys,Stendell,rstendell4p@sakura.ne.jp,Quaxo,332399
Laure,Ballentime,lballentime4q@mapy.cz,Feedspan,379142
Felix,Dmitr,fdmitr4r@sun.com,Riffwire,861053
Sidney,Weekley,sweekley4s@samsung.com,Youspan,593150
Daniel,Ladyman,dladyman4t@technorati.com,Jatri,543915
Evvie,Blackway,eblackway4u@g.co,Twinder,335270
Roshelle,Cuschieri,rcuschieri4v@infoseek.co.jp,Mynte,269711
Georgetta,Meech,gmeech4w@blinklist.com,Demizz,254735
Georg,Milbourn,gmilbourn4x@ca.gov,Mynte,753047
Westbrook,Enrico,wenrico4y@patch.com,Jayo,914054
Christos,Waddam,cwaddam4z@multiply.com,Skibox,676900
Inglis,Curd,icurd50@cbslocal.com,Aibox,440204
Henka,Thaine,hthaine51@skyrock.com,Tagchat,557485
Wittie,Fallis,wfallis52@ocn.ne.jp,Teklist,531521
Stacy,MacEntee,smacentee53@cargocollective.com,Gabcube,666046
Nonna,Clement,nclement54@jalbum.net,Gabtune,285643
Alvin,Yerrill,ayerrill55@pagesperso-orange.fr,Flashdog,958477
Blanca,Scedall,bscedall56@ask.com,Meevee,563764
Kirby,Colling,kcolling57@walmart.com,Rhyzio,478904
Helga,Scoullar,hscoullar58@about.com,Lazz,91878
Carver,Burnup,cburnup59@biblegateway.com,Zoombox,644963
Abbie,Shattock,ashattock5a@odnoklassniki.ru,Ailane,743117
Leyla,Marquese,lmarquese5b@eventbrite.com,Mudo,856085
Jania,Stonhouse,jstonhouse5c@ed.gov,Topicshots,334424
Chip,Tofanelli,ctofanelli5d@etsy.com,Kazu,326418
Beitris,Montez,bmontez5e@woothemes.com,Oba,911724
Modesta,Wolstenholme,mwolstenholme5f@ibm.com,Wordtune,308726
Charyl,Linforth,clinforth5g@weather.com,Topicshots,336235
Haven,Dumpleton,hdumpleton5h@thetimes.co.uk,Demizz,947457
Damiano,Bretherick,dbretherick5i@google.com.br,Ailane,61396
Romy,Mungin,rmungin5j@meetup.com,Yakitri,223538
Daile,Edgcumbe,dedgcumbe5k@godaddy.com,Skiba,909138
Marijn,Yard,myard5l@uol.com.br,Linktype,865926
Erika,Greaves,egreaves5m@a8.net,Jatri,454504
Estel,Mossman,emossman5n@blinklist.com,Zoombox,284149
Marlon,Mather,mmather5o@artisteer.com,Gabtune,711818
Nancie,Simonian,nsimonian5p@zdnet.com,Babbleset,78296
Camella,Dunlop,cdunlop5q@simplemachines.org,Devpoint,716293
Merrick,Tomley,mtomley5r@techcrunch.com,Zoomzone,363094
Anestassia,Laugheran,alaugheran5s@shareasale.com,Zoonder,262518
Dorie,Halleybone,dhalleybone5t@usgs.gov,Vipe,560872
Trista,Domerque,tdomerque5u@state.gov,Gigabox,693718
Ursulina,Thornally,uthornally5v@webmd.com,Twinte,773177
Lazar,Poytheras,lpoytheras5w@multiply.com,Topdrive,220730
Ertha,Murkus,emurkus5x@domainmarket.com,Dynazzy,208004
Carlene,Bailles,cbailles5y@sitemeter.com,Dynava,635896
Siana,Thominga,sthominga5z@loc.gov,Skiba,819142
Garald,Ughetti,gughetti60@desdev.cn,Shufflebeat,880005
Hayyim,MacGahy,hmacgahy61@fc2.com,Flipopia,269014
Carling,Utton,cutton62@reddit.com,Aimbo,907030
Nicoline,Sked,nsked63@tinyurl.com,Blogtag,872928
Codi,Messum,cmessum64@ycombinator.com,Photospace,790740
Laurena,Dominy,ldominy65@narod.ru,Eazzy,797920
Tonnie,Strowthers,tstrowthers66@hexun.com,Zazio,220665
Selestina,Mustard,smustard67@webs.com,Devbug,239277
Sybyl,Zealander,szealander68@mit.edu,Jabbersphere,942920
Tate,Medforth,tmedforth69@cloudflare.com,Kare,709178
Etienne,Camacke,ecamacke6a@loc.gov,Quaxo,739627
Andriana,Bordis,abordis6b@sciencedirect.com,Vimbo,965916
Sybyl,Gantzman,sgantzman6c@pen.io,Photolist,935199
Annis,List,alist6d@smugmug.com,Centizu,847972
Montague,Budding,mbudding6e@yellowpages.com,Npath,727567
Roz,Paulisch,rpaulisch6f@youtu.be,Oodoo,200388
Brit,Lemmer,blemmer6g@pcworld.com,Babbleblab,641698
Wes,Tippler,wtippler6h@reuters.com,Skivee,956991
Yank,Okenden,yokenden6i@cargocollective.com,Dynabox,909987
Merola,Chese,mchese6j@tmall.com,Shufflester,623505
Tomasina,Haley,thaley6k@psu.edu,Zoombox,380718
Pavla,Penreth,ppenreth6l@usgs.gov,Livepath,194636
Tamar,Burgett,tburgett6m@comcast.net,InnoZ,435739
Abbe,Metzke,ametzke6n@list-manage.com,Tambee,598114
Deloria,McQuorkell,dmcquorkell6o@cisco.com,Mudo,115243
Hillery,Szapiro,hszapiro6p@vk.com,Quinu,118581
Celeste,Gellan,cgellan6q@wp.com,Oyope,381393
Giuditta,Domleo,gdomleo6r@eepurl.com,Dabvine,719583
Dwayne,Leare,dleare6s@earthlink.net,Meevee,114989
Chery,Willmont,cwillmont6t@acquirethisname.com,Youfeed,599401
Lucius,Barrows,lbarrows6u@slate.com,Twinder,589650
Hedvig,Gallahue,hgallahue6v@shinystat.com,Miboo,712792
Urson,Gowthrop,ugowthrop6w@dot.gov,Buzzshare,443333
Mandi,Onions,monions6x@fema.gov,Thoughtbeat,843510
Rosamond,Smallman,rsmallman6y@creativecommons.org,Shuffletag,242190
Shayne,Celes,sceles6z@quantcast.com,Agivu,437761
Lida,Ekless,lekless70@boston.com,Zooveo,466202
Bradan,Pavlovsky,bpavlovsky71@cafepress.com,Dynabox,672627
Susana,Mortimer,smortimer72@nps.gov,Centimia,561878
Stacee,Kennaway,skennaway73@gizmodo.com,Devshare,645940
Dacy,Ffoulkes,dffoulkes74@delicious.com,Twinder,796128
Diarmid,McNally,dmcnally75@tiny.cc,Meejo,294656
Seward,Clemes,sclemes76@edublogs.org,Realcube,367222
Perry,Foulger,pfoulger77@themeforest.net,Yoveo,987717
Monti,Stops,mstops78@go.com,Twitternation,841036
Vilma,Veysey,vveysey79@patch.com,Roodel,609079
Stanislas,Ree,sree7a@noaa.gov,Linktype,945326
Livy,Mingard,lmingard7b@marketwatch.com,Brainlounge,837403
Juditha,Witnall,jwitnall7c@dailymotion.com,Brainsphere,528560
Marina,Locard,mlocard7d@nymag.com,Realpoint,435807
Melessa,McIlwraith,mmcilwraith7e@parallels.com,Aibox,787094
Debora,Darnborough,ddarnborough7f@youtube.com,Skinix,989541
Madella,Klemz,mklemz7g@shutterfly.com,Linklinks,117462
Angy,Richardin,arichardin7h@weibo.com,Realbridge,58472
Thain,Gravy,tgravy7i@nps.gov,Jaxbean,234329
Noak,Djurevic,ndjurevic7j@alibaba.com,Skalith,951073
Donnamarie,Kinnar,dkinnar7k@multiply.com,Realcube,402378
Antonella,Ajam,aajam7l@businessinsider.com,Cogilith,102789
Brooks,Deighton,bdeighton7m@paginegialle.it,Thoughtbeat,722343
Klarika,Challender,kchallender7n@imdb.com,Jaloo,171341
Kristan,O'Henehan,kohenehan7o@theglobeandmail.com,Quimm,764104
Gustav,Mintrim,gmintrim7p@tmall.com,Yakijo,131843
Willetta,Spinello,wspinello7q@gizmodo.com,Vitz,602303
Clary,Whelband,cwhelband7r@nature.com,Midel,319305
Terese,Pretious,tpretious7s@t.co,Zoombox,935720
Quinn,Akroyd,qakroyd7t@yale.edu,Wikizz,704482
Adelbert,Brodhead,abrodhead7u@sun.com,Ntag,404937
Giulietta,Wrotchford,gwrotchford7v@economist.com,Gigashots,386517
Genevra,Tretwell,gtretwell7w@squarespace.com,InnoZ,547030
Poul,Swinden,pswinden7x@photobucket.com,Meevee,806153
Latia,Morrant,lmorrant7y@archive.org,Centizu,248006
Dahlia,Jenicke,djenicke7z@storify.com,Avavee,119280
Joan,Stovine,jstovine80@nba.com,Realblab,251466
Meg,Lownie,mlownie81@ucsd.edu,Babbleblab,857251
Guglielma,Glasscoo,gglasscoo82@hc360.com,LiveZ,63293
Vilhelmina,Redish,vredish83@google.com.hk,Skalith,499422
Trixie,Stretton,tstretton84@japanpost.jp,Talane,50387
Hyman,Kiddey,hkiddey85@unesco.org,Skimia,169942
Lidia,Jay,ljay86@angelfire.com,Skilith,770748
Garey,Cowpland,gcowpland87@hexun.com,Tagopia,561517
Harwilll,Boich,hboich88@linkedin.com,Muxo,894187
Penni,Denziloe,pdenziloe89@wp.com,Fivebridge,612217
Darn,Tenby,dtenby8a@ucoz.ru,Brainsphere,888186
Chaunce,Barefoot,cbarefoot8b@hexun.com,Skiba,216409
Etheline,Brayley,ebrayley8c@arizona.edu,Eamia,96719
Fernande,Fawcus,ffawcus8d@list-manage.com,Zooxo,813404
Stevie,Jeanon,sjeanon8e@histats.com,Cogidoo,435433
Tyrone,Cowthard,tcowthard8f@facebook.com,Trudoo,583147
Letty,Deverick,ldeverick8g@g.co,Eazzy,124985
Rik,Heasman,rheasman8h@slate.com,Mynte,210318
Toby,Sanchis,tsanchis8i@fema.gov,Brainverse,803843
Torrance,Klais,tklais8j@privacy.gov.au,Tekfly,509760
Kristo,Bony,kbony8k@rambler.ru,Minyx,76861
Catrina,Kenderdine,ckenderdine8l@cafepress.com,Linkbridge,272478
Ringo,Vaughan-Hughes,rvaughanhughes8m@hubpages.com,Jazzy,987334
Electra,Loyns,eloyns8n@uol.com.br,Gigashots,740889
Boote,Weddeburn - Scrimgeour,bweddeburnscrimgeour8o@phoca.cz,Babbleopia,749466
Felice,MacIntosh,fmacintosh8p@freewebs.com,Buzzster,550549
Gunilla,Brownlow,gbrownlow8q@dropbox.com,Buzzbean,450521
Evan,Titmus,etitmus8r@dedecms.com,Abata,577678
Kai,Brosenius,kbrosenius8s@privacy.gov.au,Ainyx,426363
Roda,Marsham,rmarsham8t@fema.gov,Realbuzz,367621
Diarmid,Schinetti,dschinetti8u@paypal.com,Talane,784758
Afton,Crocetti,acrocetti8v@psu.edu,Zoomlounge,721199
Suellen,Corkhill,scorkhill8w@about.me,Zoomcast,643278
Forrest,Fomichyov,ffomichyov8x@arstechnica.com,Midel,747685
Pete,Gimson,pgimson8y@t.co,Jetwire,418998
Loren,Gelder,lgelder8z@guardian.co.uk,Realbridge,468694
Tate,Reynoldson,treynoldson90@ucoz.ru,Topicblab,579036
Dana,Tinan,dtinan91@wikia.com,Voomm,63504
Shayna,Edgerly,sedgerly92@4shared.com,Photobean,278508
Deane,Giacomoni,dgiacomoni93@altervista.org,Babbleblab,905516
Kylen,Skade,kskade94@deliciousdays.com,Twinder,493960
Juliana,Larenson,jlarenson95@github.io,Gabspot,877562
Lenka,Hankin,lhankin96@addthis.com,Edgeblab,839569
Scarlet,Looney,slooney97@bravesites.com,Zooveo,728836
Irma,Terry,iterry98@ezinearticles.com,Aivee,767654
Karita,Woolerton,kwoolerton99@webmd.com,Twimbo,316835
Elisabet,Thurling,ethurling9a@w3.org,Wikido,753232
Elston,Helis,ehelis9b@seattletimes.com,Realcube,401825
Cherida,Schrader,cschrader9c@cornell.edu,Zoomlounge,163257
Karly,Jeggo,kjeggo9d@independent.co.uk,Skipstorm,191015
Emmalyn,Chittey,echittey9e@amazon.de,Brightbean,594548
Bethina,Ulster,bulster9f@soup.io,Voonix,506499
Gaelan,Oblein,goblein9g@chronoengine.com,Thoughtsphere,294378
Gracie,Isted,gisted9h@icq.com,Trilith,863118
Christy,Eads,ceads9i@earthlink.net,Kwilith,307401
Brucie,O'Callaghan,bocallaghan9j@accuweather.com,Zooxo,418692
Kirby,Kollatsch,kkollatsch9k@github.io,Zoomzone,750791
Casey,Alldred,calldred9l@princeton.edu,Feedfire,333899
Charisse,Pennycuick,cpennycuick9m@cnet.com,Bluezoom,138561
Dulciana,Darmody,ddarmody9n@vinaora.com,Dynava,127591
Worthington,Labrone,wlabrone9o@biblegateway.com,Chatterbridge,880953
Bernetta,Sarfas,bsarfas9p@i2i.jp,Yodoo,450405
Constance,Eyckelberg,ceyckelberg9q@apple.com,Agivu,121724
Mahmud,Prando,mprando9r@wsj.com,Dabfeed,957234
Marilin,Irlam,mirlam9s@dailymail.co.uk,Camido,281897
Engracia,Ethridge,eethridge9t@eventbrite.com,Einti,447590
Alverta,Inge,ainge9u@indiatimes.com,Twinder,326618
Gwyn,Cozins,gcozins9v@usatoday.com,Snaptags,420642
Aubrey,Ellerton,aellerton9w@cam.ac.uk,BlogXS,938514
Mattias,Vannozzii,mvannozzii9x@marketwatch.com,Oyonder,80410
Lincoln,Thomassen,lthomassen9y@earthlink.net,Thoughtstorm,708357
Ingunna,Bourchier,ibourchier9z@dropbox.com,Jatri,82101
Dew,Collin,dcollina0@hud.gov,Thoughtbridge,667121
Carny,Hargey,chargeya1@fotki.com,Edgeclub,493098
Johnathon,Newland,jnewlanda2@webeden.co.uk,Demimbu,373071
Mary,Peggs,mpeggsa3@elpais.com,Cogilith,675845
Ainsley,Tomik,atomika4@narod.ru,Linktype,957474
Marian,Felix,mfelixa5@msn.com,Miboo,372957
Giovanni,Paulet,gpauleta6@desdev.cn,Blogspan,198635
Berni,Menhenitt,bmenhenitta7@go.com,Tagopia,445593
Isis,Farres,ifarresa8@dagondesign.com,Eayo,767095
Terencio,Elliker,tellikera9@blogs.com,Gigashots,888181
Ardis,Guilleton,aguilletonaa@youtu.be,Janyx,854137
Eugine,Broomhead,ebroomheadab@purevolume.com,Brainlounge,824930
Giffer,Dury,gduryac@go.com,Centimia,689998
Wilbur,Pochin,wpochinad@mapquest.com,Mymm,972667
Dael,Crackett,dcrackettae@ovh.net,Skinder,499475
Junia,Cowins,jcowinsaf@privacy.gov.au,Twimm,993432
Darbie,Gages,dgagesag@craigslist.org,Wordware,825394
Riane,Sadd,rsaddah@unicef.org,Blogspan,801619
Amalia,Maskill,amaskillai@purevolume.com,Twitterwire,962848
Massimiliano,Boffin,mboffinaj@pbs.org,Voonyx,191357
Yetty,Pancoast,ypancoastak@berkeley.edu,Tagchat,972139
Allister,Alelsandrovich,aalelsandrovichal@imgur.com,Jaxnation,501420
Dorry,McGrudder,dmcgrudderam@chron.com,Quimba,716565
Jilly,Stump,jstumpan@plala.or.jp,Dazzlesphere,89823
Elset,Hedworth,ehedworthao@amazonaws.com,Riffpedia,98031
Mommy,Rozenzweig,mrozenzweigap@economist.com,Jaloo,393158
Cesar,Hamm,chammaq@163.com,Dabfeed,333076
Stephi,Ribey,sribeyar@weebly.com,Kwideo,951434
Padriac,Bein,pbeinas@stanford.edu,Twitternation,828173
Harwilll,Serck,hserckat@elpais.com,Demivee,299464
Amil,Letchmore,aletchmoreau@slate.com,Pixoboo,526016
Dawn,Nockolds,dnockoldsav@discuz.net,Kwimbee,655589
Jemie,Baseggio,jbaseggioaw@noaa.gov,Eimbee,478708
Nomi,Sibbert,nsibbertax@java.com,Gigaclub,672727
Kellia,Dufer,kduferay@tamu.edu,Podcat,489472
Darleen,Muzzillo,dmuzzilloaz@wikipedia.org,Aimbu,974299
Lonee,Baulcombe,lbaulcombeb0@meetup.com,Ailane,849028
Siobhan,Charteris,scharterisb1@netlog.com,Realpoint,569905
Blakeley,Everest,beverestb2@tmall.com,Edgepulse,394039
Kinnie,Taggerty,ktaggertyb3@phpbb.com,Vinte,224111
Taddeusz,Grigolli,tgrigollib4@thetimes.co.uk,Kwideo,781447
Pris,Baptie,pbaptieb5@examiner.com,Topicware,686790
Sandy,Tregaskis,stregaskisb6@dagondesign.com,Skyble,167302
Anderson,Sleeford,asleefordb7@yale.edu,Talane,636715
Bekki,Barok,bbarokb8@booking.com,Nlounge,772064
Feliks,Spoward,fspowardb9@yale.edu,Layo,986075
Joellen,Gowdie,jgowdieba@oracle.com,Jabbersphere,662476
Sissie,Dartan,sdartanbb@indiegogo.com,Aivee,107076
Elvin,Franzoli,efranzolibc@nydailynews.com,Oozz,570632
Shawnee,Olyet,solyetbd@dmoz.org,Skimia,139307
Dell,Lucia,dluciabe@simplemachines.org,Shufflester,739171
Dorice,Havercroft,dhavercroftbf@indiatimes.com,Thoughtsphere,297901
Walther,Winteringham,wwinteringhambg@admin.ch,Jetpulse,69737
Allix,Hornbuckle,ahornbucklebh@psu.edu,Skynoodle,615086
Jenni,Lamonby,jlamonbybi@jiathis.com,Mudo,731080
Meredithe,Stutter,mstutterbj@posterous.com,Thoughtstorm,508047
Maurise,Creasy,mcreasybk@huffingtonpost.com,Wordpedia,398632
Jason,Ascrofte,jascroftebl@freewebs.com,Trilith,769897
Kaylyn,Haggerstone,khaggerstonebm@flickr.com,Tagopia,178247
Monti,Wishart,mwishartbn@senate.gov,Rhynyx,540847
Marrilee,Drains,mdrainsbo@gnu.org,Realbuzz,322214
Micheil,Folli,mfollibp@redcross.org,Snaptags,398995
Rodrique,How to preserve,rhowtopreservebq@dell.com,Omba,827178
Leonie,Fant,lfantbr@pinterest.com,Eidel,142399
Levy,Manilo,lmanilobs@constantcontact.com,Einti,286295
Emmanuel,Rockwell,erockwellbt@ox.ac.uk,Realfire,689085
Griffie,Staddon,gstaddonbu@bbc.co.uk,Tagchat,571881
Felipe,Durrad,fdurradbv@youku.com,Roombo,630504
Bekki,Vannar,bvannarbw@blogtalkradio.com,Shuffledrive,891862
Bernadina,Bartolomeo,bbartolomeobx@cargocollective.com,Devbug,433972
Matthaeus,Putson,mputsonby@uiuc.edu,Katz,384541
Griswold,Grastye,ggrastyebz@4shared.com,Skyba,432295
Terry,Alastair,talastairc0@pen.io,Avamba,136180
Allistir,Mateiko,amateikoc1@naver.com,Mybuzz,729648
Bambie,Juris,bjurisc2@aboutads.info,Devcast,429859
Valida,Triplett,vtriplettc3@blog.com,Plajo,538827
Dirk,Westall,dwestallc4@cnn.com,Linkbuzz,186971
Karl,McSpirron,kmcspirronc5@reuters.com,Riffwire,530057
Melli,McVane,mmcvanec6@nsw.gov.au,Demizz,125094
Josepha,Weedon,jweedonc7@goo.ne.jp,Feedspan,342130
Neille,Gauchier,ngauchierc8@squarespace.com,Mybuzz,737353
Camella,Sharer,csharerc9@histats.com,Pixoboo,996976
Darice,Fawson,dfawsonca@1688.com,Abatz,940353
Sara,Pardue,sparduecb@abc.net.au,Plajo,777801
Marylin,Grebbin,mgrebbincc@businessinsider.com,Jetwire,542020
Desiree,Hanks,dhankscd@t.co,Camido,628415
Creight,Ortes,cortesce@jimdo.com,Kayveo,292376
Syman,Yardy,syardycf@wired.com,Dabtype,802786
Danni,Hallbird,dhallbirdcg@dell.com,Blognation,473810
Neal,Underhill,nunderhillch@sitemeter.com,Roodel,68182
Adolf,Kettlesing,akettlesingci@nasa.gov,Bubblebox,943433
Viola,Halliday,vhallidaycj@yellowpages.com,Voonder,210230
Merwin,Officer,mofficerck@businessinsider.com,Wikibox,406295
Fannie,Banasevich,fbanasevichcl@gnu.org,Mycat,674222
Reuven,Venners,rvennerscm@pbs.org,Dynabox,749835
Maryl,Mickleburgh,mmickleburghcn@cbc.ca,Topicblab,703272
Willi,Feak,wfeakco@yale.edu,Centidel,754192
Mareah,Mattioni,mmattionicp@desdev.cn,Cogidoo,170921
Danica,Gowrich,dgowrichcq@sohu.com,Kazu,155518
Brigham,Shelf,bshelfcr@sciencedaily.com,Wikizz,417837
Tera,Droogan,tdroogancs@homestead.com,Fatz,502316
Karalee,Deppe,kdeppect@cyberchimps.com,Snaptags,516314
Bo,Crayker,bcraykercu@t.co,Zava,933330
Farley,McCully,fmccullycv@about.com,Pixonyx,397568
Berni,Astin,bastincw@ebay.com,Photojam,794593
Murial,Fischer,mfischercx@bigcartel.com,Topiclounge,720270
Matilde,Draycott,mdraycottcy@intel.com,Linktype,682344
Oralee,Upjohn,oupjohncz@youtube.com,Avaveo,841873
Cyndi,Hebbs,chebbsd0@miibeian.gov.cn,Innojam,456927
Derrek,Rego,dregod1@house.gov,Oyope,957089
Marmaduke,Enocksson,menockssond2@ow.ly,Jatri,307820
Jelene,Worthington,jworthingtond3@kickstarter.com,Edgeify,386680
Mechelle,Davidoff,mdavidoffd4@ucla.edu,Roomm,536272
Lamont,Beste,lbested5@163.com,BlogXS,81304
Moishe,Circuitt,mcircuittd6@creativecommons.org,Plajo,525671
Gwenny,Olivelli,golivellid7@nydailynews.com,Tazzy,437371
Irita,Passler,ipasslerd8@elegantthemes.com,Quimm,650260
Markos,De Leek,mdeleekd9@nymag.com,Mymm,932701
Vickie,Stopher,vstopherda@issuu.com,Kwinu,976026
William,Pirt,wpirtdb@g.co,Browsetype,243684
Kaiser,Carver,kcarverdc@g.co,Topdrive,116826
Levon,Piatkow,lpiatkowdd@goodreads.com,Jamia,170716
Wiatt,Philipsen,wphilipsende@cbc.ca,Skaboo,717275
Harley,Crawford,hcrawforddf@springer.com,Skinte,789479
Rriocard,Searby,rsearbydg@w3.org,Feedfire,774731
Lowrance,Rummings,lrummingsdh@paypal.com,Meevee,400542
Christalle,Leverton,clevertondi@hatena.ne.jp,Skimia,473903
Willy,Agett,wagettdj@bing.com,Yacero,584952
Roldan,Scriviner,rscrivinerdk@seesaa.net,Jayo,318331
Travers,O'Donovan,todonovandl@163.com,Blogspan,327356
Karmen,Bruggeman,kbruggemandm@alibaba.com,Vinte,498738
Hi,Cissen,hcissendn@tamu.edu,Avamm,531317
Haily,Plumm,hplummdo@uiuc.edu,Oyoba,534582
Charley,Grishaev,cgrishaevdp@examiner.com,Tazz,703921
Sasha,Livingstone,slivingstonedq@elpais.com,Camido,333165
Perren,Genders,pgendersdr@si.edu,Wordpedia,431445
Cassie,Dunk,cdunkds@webnode.com,Brightdog,537659
Dyane,Cormack,dcormackdt@google.nl,Kare,826487
Kristos,Hiscoe,khiscoedu@microsoft.com,Voolith,258730
Ginnie,Ingledew,gingledewdv@telegraph.co.uk,Riffwire,680260
Grata,Blakeborough,gblakeboroughdw@artisteer.com,Zoombeat,505827
Clerc,Wrightem,cwrightemdx@cloudflare.com,Wordpedia,153473
Jorge,Over,joverdy@oracle.com,Innojam,541186
Danya,Luscott,dluscottdz@vkontakte.ru,Wordtune,196351
Chauncey,Duffie,cduffiee0@hexun.com,Tazz,874941
Lorraine,Gowanlock,lgowanlocke1@comsenz.com,Gevee,101231
Frans,Witcher,fwitchere2@intel.com,Yoveo,373373
Carl,Gierok,cgieroke3@theatlantic.com,Twitternation,697999
Reggie,Helstrip,rhelstripe4@symantec.com,Fivebridge,86398
Winona,Roath,wroathe5@amazon.com,Quimba,241658
Josepha,Whelpdale,jwhelpdalee6@disqus.com,Teklist,906010
Harp,Grannell,hgrannelle7@cnbc.com,Izio,632092
Milton,Ridley,mridleye8@facebook.com,Jaloo,398998
Corie,Arenson,carensone9@trellian.com,Twimm,92142
Nedda,Aslott,naslottea@cpanel.net,Photobean,731649
Tori,Yushachkov,tyushachkoveb@unc.edu,Twitternation,92160
Wally,Coultas,wcoultasec@toplist.cz,Demivee,708193
Lilla,Altree,laltreeed@blog.com,Skidoo,837626
Brant,Hudghton,bhudghtonee@nba.com,Livepath,654463
Leontine,Oxenham,loxenhamef@photobucket.com,Rhynoodle,347685
Ainslie,Copnar,acopnareg@cam.ac.uk,Mymm,220805
Godard,Kinzett,gkinzetteh@cnet.com,Twimbo,781103
Pippo,Du Barry,pdubarryei@prweb.com,Oodoo,243450
Wilfrid,O'Shevlan,woshevlanej@paginegialle.it,Flashpoint,50958
Vilhelmina,Damrell,vdamrellek@163.com,Skiptube,910978
Guilbert,Matchett,gmatchettel@netscape.com,Aivee,101494
Rhys,Fumagallo,rfumagalloem@whitehouse.gov,Yakijo,480000
Caroljean,Ganforthe,cganfortheen@umn.edu,Dabtype,939345
Iggie,Cakes,icakeseo@hostgator.com,Jazzy,996592
Dehlia,Fulun,dfulunep@soundcloud.com,Realmix,803494
Sophi,Whitlaw,swhitlaweq@printfriendly.com,Realbridge,821122
Sadye,Elmhirst,selmhirster@taobao.com,Yambee,334576
Guillema,Bourhill,gbourhilles@cocolog-nifty.com,Feedspan,815431
Daile,Archibould,darchibouldet@usa.gov,Flashdog,766236
Shaun,Seago,sseagoeu@sogou.com,Dabshots,143720
Maribelle,Calver,mcalverev@psu.edu,Zoonder,339948
Willy,Argabrite,wargabriteew@over-blog.com,Jaxnation,709266
Base,Rowlings,browlingsex@blogs.com,Rhynoodle,356622
Lennie,Grinham,lgrinhamey@alibaba.com,Teklist,96054
Adrea,Amoss,aamossez@unc.edu,Rhyloo,489346
Janina,Adriaens,jadriaensf0@i2i.jp,Blogtags,507721
Schuyler,Clewlowe,sclewlowef1@odnoklassniki.ru,Tazzy,57345
Allyn,Messier,amessierf2@indiegogo.com,Thoughtbridge,768164
Theodora,Pharaoh,tpharaohf3@yellowpages.com,Kanoodle,767994
Ancell,Massard,amassardf4@harvard.edu,Kazu,253691
Worden,Domone,wdomonef5@mozilla.com,Skinder,296824
Marthena,Heberden,mheberdenf6@wufoo.com,Eare,988172
Katti,Convery,kconveryf7@forbes.com,Meevee,431440
Eleanora,Desbrow,edesbrowf8@ted.com,Eimbee,793835
Kameko,Larose,klarosef9@taobao.com,Dabfeed,890327
Davidde,Winnister,dwinnisterfa@simplemachines.org,Skyndu,438894
Nissie,Daniells,ndaniellsfb@woothemes.com,Tanoodle,417753
Claudetta,Pomfrey,cpomfreyfc@flavors.me,Miboo,819275
Sutherland,Birk,sbirkfd@example.com,Eayo,356831
Riannon,Tabard,rtabardfe@whitehouse.gov,Kimia,818437
Olivia,McKinlay,omckinlayff@opensource.org,Kwimbee,52657
Lethia,Compfort,lcompfortfg@google.com.au,Voonyx,845996
Carleton,Busswell,cbusswellfh@patch.com,Yodel,824083
Kellie,Taffe,ktaffefi@squidoo.com,Wordtune,184765
Dode,Hurl,dhurlfj@jalbum.net,Meedoo,158624
Otis,Stamp,ostampfk@mapquest.com,Gabspot,889691
Nikkie,Cogdon,ncogdonfl@instagram.com,Gabtype,459860
Dalia,Baudassi,dbaudassifm@columbia.edu,Quimba,526642
Lazar,Fitzharris,lfitzharrisfn@google.com.hk,Yambee,971331
Selma,Keyte,skeytefo@princeton.edu,Skyvu,984517
Judd,Rooper,jrooperfp@msn.com,Skibox,637802
Cassie,Downage,cdownagefq@sciencedaily.com,Jaxworks,520051
Verla,Spiller,vspillerfr@cyberchimps.com,Janyx,915329
Leland,Pountney,lpountneyfs@free.fr,Yacero,603964
Carin,Mattusov,cmattusovft@hud.gov,Tavu,638794
Kelby,Citrine,kcitrinefu@vistaprint.com,Buzzbean,473249
Aldus,Lassell,alassellfv@engadget.com,Zooveo,401733
Sunny,Hyman,shymanfw@clickbank.net,Wikibox,389076
Anjanette,Sheran,asheranfx@jigsy.com,Ooba,166942
Clarabelle,Bark,cbarkfy@cisco.com,Skalith,158335
Aubrey,Sarson,asarsonfz@booking.com,Kwideo,487989
Evelina,Chedzoy,echedzoyg0@dmoz.org,Feedspan,84201
Blinni,Quidenham,bquidenhamg1@geocities.jp,Topicstorm,182351
Emilio,Coult,ecoultg2@godaddy.com,Kayveo,562607
Janka,Wones,jwonesg3@jimdo.com,Brainbox,996046
Clerc,Brafferton,cbraffertong4@google.it,Zoovu,749761
Pierce,Beggi,pbeggig5@nba.com,Jabbersphere,96441
Una,Calliss,ucallissg6@printfriendly.com,Photojam,818768
Sigismond,Durdle,sdurdleg7@webnode.com,Lazz,810514
Dimitry,Vasichev,dvasichevg8@so-net.ne.jp,Snaptags,107118
Rosaleen,Topes,rtopesg9@multiply.com,Rhybox,819118
Dick,Stone Fewings,dstonefewingsga@topsy.com,Dynabox,897082
Anthia,Lonnon,alonnongb@mapy.cz,Tambee,629516
Helli,Kilmurry,hkilmurrygc@flavors.me,Topdrive,386748
Mic,Suche,msuchegd@yellowpages.com,Fliptune,986425
Tony,Woodstock,twoodstockge@addthis.com,Yacero,626322
Marlene,Milmo,mmilmogf@nytimes.com,Jaxspan,625543
Ferne,Haestier,fhaestiergg@cocolog-nifty.com,Oyoloo,116120
Fairleigh,Satterley,fsatterleygh@hexun.com,Yodel,885928
Lyndy,Petkov,lpetkovgi@cnet.com,Quire,686360
Lynnell,Wimbury,lwimburygj@addthis.com,Jabbercube,466908
Douglass,Stoodale,dstoodalegk@sun.com,Skinder,632209
Nedda,Weekly,nweeklygl@webeden.co.uk,Dablist,128444
Kristofor,Franc,kfrancgm@paginegialle.it,Yata,452776
Meggy,Di Pietro,mdipietrogn@miitbeian.gov.cn,Oyoyo,928943
Werner,Greber,wgrebergo@drupal.org,InnoZ,176892
Brooke,Shere,bsheregp@oaic.gov.au,Mybuzz,829296
Andreas,Renny,arennygq@irs.gov,Brightdog,559398
West,Kitcatt,wkitcattgr@opera.com,Realbuzz,208688
Emmett,Looker,elookergs@yahoo.com,Dazzlesphere,799688
Carena,Paladini,cpaladinigt@umn.edu,Fivebridge,509534
Zollie,Muneely,zmuneelygu@marketwatch.com,Skyba,182162
Paddy,Cleobury,pcleoburygv@w3.org,Snaptags,203881
Corrie,Schwander,cschwandergw@163.com,Rhybox,799216
Goldarina,Ivanitsa,givanitsagx@rediff.com,Voonix,578701
Trace,Gauld,tgauldgy@upenn.edu,Trilia,497890
Roscoe,Jerke,rjerkegz@gnu.org,Innotype,801893
Vi,Shirrell,vshirrellh0@yale.edu,Skinder,403064
Alphard,Hitzschke,ahitzschkeh1@techcrunch.com,DabZ,327836
Perkin,Obert,poberth2@springer.com,Twinder,223908
Martino,Shermar,mshermarh3@columbia.edu,Mudo,859902
Cobbie,Williamson,cwilliamsonh4@netscape.com,Gigabox,867145
Linnea,Fandrey,lfandreyh5@moonfruit.com,Pixonyx,601261
Ange,Ramel,aramelh6@smh.com.au,Miboo,623649
Kipp,Curee,kcureeh7@sourceforge.net,Buzzshare,815866
Nissie,Dankersley,ndankersleyh8@dyndns.org,Edgetag,934373
Marjy,Laver,mlaverh9@addthis.com,Blogtags,87859
Aime,Whife,awhifeha@devhub.com,Skipstorm,502421
Eveline,Allridge,eallridgehb@list-manage.com,Rhyzio,487056
Colin,Seyffert,cseyfferthc@pagesperso-orange.fr,Shufflebeat,973605
Wallis,Shanks,wshankshd@nbcnews.com,Meedoo,385779
Ray,Stiling,rstilinghe@economist.com,Youfeed,354411
Greg,Goschalk,ggoschalkhf@canalblog.com,Zoovu,704409
Dreddy,Founds,dfoundshg@prnewswire.com,Realbridge,893568
Ivory,Jefford,ijeffordhh@csmonitor.com,Kimia,640235
Gillan,Brealey,gbrealeyhi@myspace.com,Einti,867532
Lauralee,Breitler,lbreitlerhj@360.cn,Blogspan,469148
Marti,Chad,mchadhk@github.com,Yacero,882846
Viki,O'Gorman,vogormanhl@cbc.ca,Devbug,270085
Toiboid,Elphick,telphickhm@state.gov,Shuffletag,395728
Merrilee,Mullin,mmullinhn@wix.com,Buzzdog,534251
Errol,Yanov,eyanovho@dion.ne.jp,Skaboo,533969
Lena,Jakubovics,ljakubovicshp@geocities.jp,Skinder,342642
Nobie,Janicijevic,njanicijevichq@baidu.com,Centimia,844444
Silvie,Stratford,sstratfordhr@cargocollective.com,Eimbee,579994
Melinde,Jaquest,mjaquesths@simplemachines.org,Flashpoint,547015
Hayyim,Lodemann,hlodemannht@storify.com,Blogtags,709881
Anjanette,Poultney,apoultneyhu@bloglines.com,Eimbee,834396
Raychel,Watson,rwatsonhv@twitpic.com,Linklinks,526363
Giovanna,Busch,gbuschhw@over-blog.com,Kamba,402505
Ann,Union,aunionhx@zdnet.com,Demimbu,870980
Heywood,Scroggs,hscroggshy@vimeo.com,Browsetype,274443
Pippy,Glasspoole,pglasspoolehz@theatlantic.com,Meeveo,341984
Chicky,Hawkes,chawkesi0@csmonitor.com,Edgepulse,242941
Ahmad,Davidov,adavidovi1@storify.com,Skinix,619880
Domeniga,Robelin,drobelini2@shop-pro.jp,Viva,931705
Barny,Shimmings,bshimmingsi3@nature.com,Zoombeat,938240
Roley,Legging,rleggingi4@theatlantic.com,Bluezoom,966716
Ursula,Dorcey,udorceyi5@google.ca,Jaxworks,803071
Adorne,Vasyutichev,avasyutichevi6@theguardian.com,Livefish,421912
Ker,Sigsworth,ksigsworthi7@seesaa.net,Skipstorm,109669
Andre,Bassford,abassfordi8@tripadvisor.com,Dabvine,474093
Louis,Fullom,lfullomi9@chicagotribune.com,Muxo,922959
Jacki,Bulluck,jbulluckia@bigcartel.com,Jatri,245795
Anderson,Tomaszewicz,atomaszewiczib@fotki.com,Vidoo,638956
Maible,Phillipson,mphillipsonic@vk.com,Zooveo,306108
Cchaddie,Blazhevich,cblazhevichid@marriott.com,Lajo,232473
Mallorie,Allchin,mallchinie@boston.com,Kwilith,50615
Almire,Gall,agallif@huffingtonpost.com,Blogspan,294037
Carlyle,Canacott,ccanacottig@nasa.gov,Wikizz,335457
Becka,Batteson,bbattesonih@vkontakte.ru,Jabberbean,756394
Moselle,Merton,mmertonii@360.cn,Skimia,820200
Beaufort,Ledbetter,bledbetterij@comsenz.com,Voonyx,639810
Alberik,Dredge,adredgeik@vk.com,Skimia,137333
Dot,Dahlgren,ddahlgrenil@altervista.org,InnoZ,284743
Philippa,McSporrin,pmcsporrinim@howstuffworks.com,Vitz,398113
Bertie,Heinsh,bheinshin@yellowpages.com,Realcube,794320
Norene,Canelas,ncanelasio@livejournal.com,Voonix,737022
Ninnette,Adolf,nadolfip@yandex.ru,Skipfire,320809
Edik,Kitteman,ekittemaniq@prnewswire.com,Topiczoom,332832
Lari,Seamon,lseamonir@howstuffworks.com,Twitterbeat,435617
Olvan,Lampart,olampartis@tuttocitta.it,Kazu,952590
Andriana,Bartelet,abarteletit@meetup.com,Meeveo,447294
Boothe,Di Franceshci,bdifranceshciiu@quantcast.com,Abatz,832207
Freeland,Westwood,fwestwoodiv@vk.com,Oozz,383868
August,Van der Spohr,avanderspohriw@cpanel.net,Miboo,485451
Carolee,Depka,cdepkaix@hhs.gov,Flashpoint,202578
Audrye,Hume,ahumeiy@nydailynews.com,Agivu,78445
Sonia,Scrooby,sscroobyiz@bbc.co.uk,Divanoodle,875057
Terese,Moulin,tmoulinj0@gravatar.com,Shuffletag,516420
Zarah,Duberry,zduberryj1@va.gov,Wikizz,215847
Tarrance,Muggleton,tmuggletonj2@creativecommons.org,Photofeed,254171
Arabelle,Tollady,atolladyj3@usa.gov,Zoomlounge,300820
Chester,Wynett,cwynettj4@flavors.me,Twitterworks,401842
Holly,Biasetti,hbiasettij5@wikia.com,Livefish,175286
Erik,Ryce,erycej6@nbcnews.com,Feedmix,622340
Joyann,Silverston,jsilverstonj7@shutterfly.com,Omba,858138
Opaline,Bater,obaterj8@miitbeian.gov.cn,Gabcube,66450
Alastair,MacDunleavy,amacdunleavyj9@elegantthemes.com,Quatz,724035
Stan,Colliber,scolliberja@taobao.com,Oyope,304718
Federico,Wildt,fwildtjb@thetimes.co.uk,Zoomcast,117961
Salmon,Gristhwaite,sgristhwaitejc@altervista.org,Kanoodle,503275
Claudette,Troyes,ctroyesjd@examiner.com,Eayo,925317
Yorgos,Hourstan,yhourstanje@wisc.edu,Eazzy,696259
Pren,O'Hearn,pohearnjf@yolasite.com,Aimbo,722833
Leta,Danovich,ldanovichjg@google.cn,Centidel,618311
Palmer,Hawkeswood,phawkeswoodjh@sbwire.com,Ntags,821665
Maggee,Bonnefin,mbonnefinji@hexun.com,Yodel,999969
Townsend,Styan,tstyanjj@hostgator.com,Ozu,743570
Percy,Barhims,pbarhimsjk@skyrock.com,Skiptube,786047
Herta,Druhan,hdruhanjl@gnu.org,Divavu,636734
Juliann,Braunthal,jbraunthaljm@domainmarket.com,Livepath,105462
Lorette,Alphege,lalphegejn@unesco.org,Twitternation,589037
Marti,Devonport,mdevonportjo@youku.com,Yodoo,966978
Mikaela,Cardiff,mcardiffjp@google.com.au,Divanoodle,695929
Humphrey,Bergen,hbergenjq@example.com,Oyondu,184281
Hollyanne,Leatherborrow,hleatherborrowjr@hugedomains.com,Jetpulse,709076
Fair,Cuardall,fcuardalljs@github.com,Meezzy,692940
Elsey,Freezer,efreezerjt@cisco.com,Katz,75553
Kellie,Meriet,kmerietju@altervista.org,Dazzlesphere,722469
Anne-marie,Castelow,acastelowjv@a8.net,BlogXS,975018
Stephie,Plank,splankjw@youtube.com,Eazzy,587013
Tisha,Storks,tstorksjx@ameblo.jp,Abata,448810
Paulo,Ilchuk,pilchukjy@google.ru,Kazio,461412
Tony,O' Shea,tosheajz@imageshack.us,Zoomdog,155351
Calvin,Tindley,ctindleyk0@bing.com,Skyndu,871473
Nikki,Rumble,nrumblek1@sfgate.com,Twitterbeat,420717
Annetta,Dangerfield,adangerfieldk2@weibo.com,Yakijo,689730
Ruthe,Damarell,rdamarellk3@zimbio.com,Skipstorm,552132
Dilly,Dust,ddustk4@youku.com,Kwilith,635580
Lowell,Chung,lchungk5@nymag.com,Centimia,664754
Anabal,Enriques,aenriquesk6@omniture.com,Cogibox,330788
Rosamond,Lackey,rlackeyk7@msn.com,Jabberstorm,217707
Melessa,Sizey,msizeyk8@tinypic.com,Devcast,840707
Giles,Flecknell,gflecknellk9@drupal.org,Eire,177745
Paco,Cottisford,pcottisfordka@mysql.com,Thoughtmix,147239
Borden,Hatherill,bhatherillkb@merriam-webster.com,Avamm,760513
Zaccaria,Artus,zartuskc@dagondesign.com,Meevee,905856
Kellen,Fey,kfeykd@walmart.com,Cogilith,984164
Carlee,Salack,csalackke@ustream.tv,Kwimbee,288387
Rachelle,Micklewicz,rmicklewiczkf@360.cn,Jaxbean,195635
Bertha,Allsupp,ballsuppkg@miitbeian.gov.cn,Skyvu,375115
Junia,Steggles,jsteggleskh@xing.com,Avaveo,145248
Alia,Ricketts,arickettski@goo.ne.jp,Pixonyx,460800
Gilly,Chard,gchardkj@springer.com,Blogtags,451908
Faber,Burel,fburelkk@networksolutions.com,Katz,185382
Kylynn,Carde,kcardekl@ebay.co.uk,Kwinu,609449
Berky,Scrimgeour,bscrimgeourkm@myspace.com,Wordtune,131199
Saxe,Affleck,saffleckkn@buzzfeed.com,Plajo,962393
Kelcey,Mathou,kmathouko@cbc.ca,Youspan,689774
Ibby,Scannell,iscannellkp@is.gd,Camimbo,828526
Ola,Llop,ollopkq@google.ca,Skyba,259019
Klarrisa,Nisot,knisotkr@constantcontact.com,Jaxworks,759544
Leesa,Semered,lsemeredks@furl.net,Trudeo,175811
Ofilia,Rolingson,orolingsonkt@furl.net,Thoughtmix,418667
Xylia,Schaumann,xschaumannku@twitpic.com,Cogibox,882506
Chas,Riddiough,criddioughkv@paypal.com,Youbridge,476421
Kerrie,Tiner,ktinerkw@prweb.com,Podcat,937598
Traver,Paur,tpaurkx@eepurl.com,Realbuzz,951596
Nana,Weinmann,nweinmannky@flavors.me,Vitz,460930
Clerkclaude,Walwood,cwalwoodkz@weather.com,Quatz,994852
Kim,Fearby,kfearbyl0@etsy.com,Vinder,762560
Ailsun,Wurz,awurzl1@opera.com,Avavee,487822
Shay,Cerie,sceriel2@instagram.com,Meejo,926817
Yuri,Jowle,yjowlel3@admin.ch,Podcat,591606
Tabbatha,Labbett,tlabbettl4@bing.com,Trupe,318160
Lizzie,Enright,lenrightl5@moonfruit.com,Dabjam,617650
Jerrold,Grimmert,jgrimmertl6@lycos.com,Wikizz,433300
Veronique,Covolini,vcovolinil7@quantcast.com,Aibox,111111
Saraann,Killik,skillikl8@tripod.com,Fivechat,181924
Huey,Barwood,hbarwoodl9@mapy.cz,Fadeo,544209
Ross,Highman,rhighmanla@alexa.com,Brightbean,619501
Harrietta,Cogswell,hcogswelllb@chronoengine.com,Tagopia,737021
Sully,Ure,surelc@live.com,Digitube,814343
Cecil,Hanster,chansterld@sbwire.com,Latz,626200
Aurlie,Ezzell,aezzellle@360.cn,Devify,105772
Astrix,Downing,adowninglf@engadget.com,Layo,834989
Danna,Regus,dreguslg@mail.ru,Dabshots,887501
Shaun,Skala,sskalalh@digg.com,Fivechat,863585
Mariska,Skunes,mskunesli@bbc.co.uk,Riffpath,325869
Marget,Chantillon,mchantillonlj@mapy.cz,Bluezoom,460416
Cassi,Jacob,cjacoblk@creativecommons.org,Agivu,484939
Meryl,Vase,mvasell@wikipedia.org,Buzzster,904643
Rockey,Postlewhite,rpostlewhitelm@diigo.com,Voomm,295325
Cori,Phuprate,cphuprateln@ihg.com,Skimia,997721
Ivory,Fosh,ifoshlo@over-blog.com,Thoughtblab,243173
Berti,Kernaghan,bkernaghanlp@addtoany.com,Feednation,579077
Morse,Dober,mdoberlq@seesaa.net,Riffpath,766539
Jonie,Grishaev,jgrishaevlr@blinklist.com,Devpoint,68700
Doy,Minard,dminardls@51.la,Browsetype,431647
Guthrie,Ebenezer,gebenezerlt@deliciousdays.com,Rhycero,582367
Frederique,Drennan,fdrennanlu@twitter.com,Photobean,954528
Kaleena,Domotor,kdomotorlv@photobucket.com,Voomm,457759
Arleen,Tunnah,atunnahlw@cnbc.com,Voolia,383899
Ad,Michelmore,amichelmorelx@state.tx.us,Edgetag,330287
Tony,Ughelli,tughellily@mysql.com,Wikizz,452560
Cesaro,Travers,ctraverslz@elegantthemes.com,Skipfire,246342
Albrecht,Goulstone,agoulstonem0@fastcompany.com,Skilith,267201
Arv,Heams,aheamsm1@trellian.com,Talane,498171
Gilligan,Morrel,gmorrelm2@dropbox.com,Twitterwire,136161
Ivett,Winnister,iwinnisterm3@imdb.com,Youfeed,561169
Elmira,Lainton,elaintonm4@senate.gov,Mydeo,578301
Isiahi,Glewe,iglewem5@archive.org,Twitterwire,718989
Stephana,Siney,ssineym6@nhs.uk,Tagopia,707648
Kirstyn,Sole,ksolem7@wsj.com,Jayo,779139
Lesya,Von Oertzen,lvonoertzenm8@ihg.com,Zooveo,317631
Bette,Pawlicki,bpawlickim9@omniture.com,Thoughtmix,595726
Annabelle,Delacourt,adelacourtma@netlog.com,Quatz,142778
Diahann,Massie,dmassiemb@gravatar.com,Edgepulse,413187
Edie,Dzeniskevich,edzeniskevichmc@shop-pro.jp,Ooba,257750
Dora,Roussel,drousselmd@joomla.org,Gigazoom,666115
Cloris,Jelf,cjelfme@networkadvertising.org,Roodel,934854
Gilbert,Berrey,gberreymf@thetimes.co.uk,Rhynyx,187359
Si,Philpin,sphilpinmg@flavors.me,Tekfly,591263
Gretchen,Turvey,gturveymh@springer.com,Devify,528335
Hedda,Stoltz,hstoltzmi@reddit.com,Skyble,447558
Rip,Gorman,rgormanmj@eepurl.com,Vitz,410577
Dorri,Vakhrushin,dvakhrushinmk@soup.io,Voolia,327094
Archy,Staton,astatonml@dailymotion.com,JumpXS,895461
Brandon,Normadell,bnormadellmm@huffingtonpost.com,Blogpad,403769
Bettye,Boc,bbocmn@flavors.me,Zoovu,862912
Melloney,Garey,mgareymo@bbb.org,Mydo,293473
Daffi,MacKellen,dmackellenmp@trellian.com,Viva,73171
Terrill,Humfrey,thumfreymq@nasa.gov,Topicshots,135124
Elvira,Delia,edeliamr@mayoclinic.com,Vitz,68240
Dom,McTurk,dmcturkms@myspace.com,Eidel,689281
Ginelle,Tille,gtillemt@example.com,Yakidoo,687486
Erhart,Morden,emordenmu@sun.com,Buzzdog,492703
Koressa,Cathie,kcathiemv@guardian.co.uk,Jaxworks,720046
Bernarr,Cottrell,bcottrellmw@smh.com.au,Quinu,200736
Estell,Hanalan,ehanalanmx@is.gd,Bubblemix,512465
Kym,Nattrass,knattrassmy@icq.com,Lazz,245807
Holly,Boshers,hboshersmz@timesonline.co.uk,Photojam,612201
Irina,Coger,icogern0@reverbnation.com,Tagopia,363238
Kelcie,Rozzell,krozzelln1@tripadvisor.com,Youbridge,87187
Pembroke,Papps,ppappsn2@nsw.gov.au,Gigaclub,335297
Welbie,Wyett,wwyettn3@fc2.com,Livetube,295513
Eran,Queenborough,equeenboroughn4@scribd.com,Skajo,693094
Roze,Windebank,rwindebankn5@paginegialle.it,Thoughtstorm,92836
Irvin,Dranfield,idranfieldn6@lulu.com,Quatz,977162
Sherman,Kinton,skintonn7@illinois.edu,Dynabox,235296
Ania,Belliveau,abelliveaun8@vinaora.com,Izio,213776
Obadiah,Spinnace,ospinnacen9@blog.com,Yacero,162067
Gayla,Neesam,gneesamna@sohu.com,Livefish,629086
Merline,Trusslove,mtrusslovenb@google.cn,Skalith,929602
Rochette,Hoyles,rhoylesnc@nydailynews.com,Demizz,826683
Alasteir,Haithwaite,ahaithwaitend@technorati.com,Vitz,359583
Frederico,Doret,fdoretne@dailymotion.com,Meembee,347267
Elsa,Wrey,ewreynf@mlb.com,Fivechat,125362
Nellie,Colenutt,ncolenuttng@godaddy.com,Bluezoom,690853
Jana,Over,jovernh@netscape.com,Wikivu,560998
Roana,Karran,rkarranni@artisteer.com,Roomm,619137
Nanete,Stambridge,nstambridgenj@usda.gov,Photolist,575041
Gus,Lamble,glamblenk@slashdot.org,Shufflebeat,851852
Rose,Carlisi,rcarlisinl@usnews.com,Rhynyx,422156
Thorvald,Whiteford,twhitefordnm@addthis.com,Riffpath,207660
Bev,Curee,bcureenn@wix.com,Wikibox,377967
Selie,Fownes,sfownesno@wikipedia.org,Photojam,126139
Claudianus,Aldam,caldamnp@wunderground.com,BlogXS,474898
Brock,Crawshaw,bcrawshawnq@163.com,Avamm,653073
Elena,Wyche,ewychenr@yolasite.com,Meetz,207823
Ingeberg,Gauford,igaufordns@epa.gov,Izio,271504
Nari,Playfoot,nplayfootnt@baidu.com,Quire,895783
Monique,Tarply,mtarplynu@eventbrite.com,Lajo,68827
Lorna,Uttermare,luttermarenv@surveymonkey.com,Cogibox,368285
Odelinda,Geram,ogeramnw@deliciousdays.com,Youtags,170647
Hagen,Gounet,hgounetnx@springer.com,Kazu,285990
Megen,Britee,mbriteeny@i2i.jp,Divape,259431
Peggie,Flinn,pflinnnz@foxnews.com,Voolith,199768
Shawnee,Cormode,scormodeo0@webs.com,Lazz,293403
Gray,Akrigg,gakriggo1@ca.gov,Lajo,934724
Rosalie,Teanby,rteanbyo2@hubpages.com,Shuffledrive,207897
Hebert,Deerness,hdeernesso3@cisco.com,Yozio,993989
Manda,Mundow,mmundowo4@miibeian.gov.cn,Linktype,381359
Shelby,Tattoo,stattooo5@ihg.com,Thoughtbridge,519945
Rozella,Stiebler,rstieblero6@aboutads.info,Demizz,915186
Sara,Culverhouse,sculverhouseo7@booking.com,Viva,636813
Nani,Brellin,nbrellino8@nasa.gov,Ntags,478925
Constancy,Tims,ctimso9@imdb.com,Yambee,953426
Emalee,Fullard,efullardoa@godaddy.com,Rhyloo,138149
Tobit,Buterton,tbutertonob@360.cn,Gabvine,146218
Ambrosius,Curnokk,acurnokkoc@nhs.uk,Skaboo,839882
Maryjane,Collabine,mcollabineod@1688.com,Meedoo,345604
Isidoro,Jirak,ijirakoe@example.com,Wikizz,801394
Karen,McGarrity,kmcgarrityof@answers.com,Kazio,361220
Arlena,Gladtbach,agladtbachog@opensource.org,Skibox,349351
Kean,Binding,kbindingoh@auda.org.au,Riffwire,978784
Cornie,Derobert,cderobertoi@symantec.com,Midel,458388
Herc,Trighton,htrightonoj@blogs.com,Nlounge,240057
Guglielma,Tailby,gtailbyok@shop-pro.jp,Bluezoom,116233
Garnet,Elvey,gelveyol@omniture.com,Yakijo,358303
Grissel,Berrecloth,gberreclothom@ftc.gov,Shuffledrive,674900
Delmor,Grzeszczak,dgrzeszczakon@1und1.de,Shufflester,597162
Grace,Senter,gsenteroo@quantcast.com,Quamba,137158
Liz,Nilges,lnilgesop@posterous.com,Feedbug,649764
Gearalt,Janeczek,gjaneczekoq@about.me,Jayo,945679
Tedmund,Mikalski,tmikalskior@webeden.co.uk,Eare,893623
Nana,Dunnico,ndunnicoos@deliciousdays.com,Wikivu,408863
Toby,Darbishire,tdarbishireot@com.com,Avavee,202334
Benji,Dell'Abbate,bdellabbateou@house.gov,Browsedrive,854548
Nariko,Spencook,nspencookov@nhs.uk,Ozu,720355
Denys,Thorneley,dthorneleyow@godaddy.com,Flipbug,778802
Saxon,Tarbath,starbathox@fastcompany.com,Yacero,459624
Stavros,Dolley,sdolleyoy@rambler.ru,Meevee,932644
Margery,Muehler,mmuehleroz@jigsy.com,Cogibox,366698
Dorie,Thacke,dthackep0@webmd.com,Photolist,147920
Itch,Duligal,iduligalp1@artisteer.com,Oyonder,305675
Alaric,Adran,aadranp2@google.es,Flashpoint,762613
Reggis,Rosthorn,rrosthornp3@sakura.ne.jp,Thoughtbridge,299742
Borg,McLaren,bmclarenp4@pinterest.com,Voonyx,294670
Stafani,Waterdrinker,swaterdrinkerp5@youtube.com,Quire,988124
Branden,Blatcher,bblatcherp6@webnode.com,Oyope,757286
Adria,Gateman,agatemanp7@constantcontact.com,Zoombeat,112007
Olivia,Hayward,ohaywardp8@ow.ly,Lazz,895988
Tonie,Perrott,tperrottp9@slate.com,Browsezoom,214714
Lenore,Duckerin,lduckerinpa@wp.com,Dabtype,165175
Jock,Broek,jbroekpb@apple.com,Feedfire,521688
Nathanael,Dufty,nduftypc@uol.com.br,Tazz,346674
Emmi,Desson,edessonpd@google.co.jp,Jaxbean,194545
Kassie,Butters,kbutterspe@example.com,Gigazoom,883705
Penni,Allworthy,pallworthypf@cisco.com,Youbridge,276549
Damara,Salerg,dsalergpg@oracle.com,Skinder,622569
Julius,Sherwill,jsherwillph@pinterest.com,Browsebug,77679
Codie,Budgett,cbudgettpi@theguardian.com,Twitterlist,881210
Sammy,Matthias,smatthiaspj@utexas.edu,Feednation,781364
Carol-jean,Elliman,cellimanpk@cloudflare.com,Realbridge,827293
Mervin,Crone,mcronepl@whitehouse.gov,Yozio,505150
Yolane,Pringour,ypringourpm@flickr.com,Izio,782166
Lonnard,Stebbins,lstebbinspn@vinaora.com,Gigashots,817504
Kittie,Keddle,kkeddlepo@amazon.co.uk,Skiptube,146357
Aindrea,O'Grada,aogradapp@businesswire.com,Skajo,886952
Aloin,Baise,abaisepq@slashdot.org,Demivee,272595
Jessalyn,McElroy,jmcelroypr@dailymotion.com,Realbuzz,716039
Tybie,Morrel,tmorrelps@mediafire.com,Vitz,493509
Dominic,Keep,dkeeppt@geocities.jp,Edgeblab,999810
Veronique,Applebee,vapplebeepu@homestead.com,Fadeo,84472
Kristine,Moysey,kmoyseypv@msn.com,Linklinks,588506
Von,Hastewell,vhastewellpw@jigsy.com,Realpoint,663342
Hastings,Withull,hwithullpx@e-recht24.de,Blogpad,767009
Alvira,Gracewood,agracewoodpy@chron.com,Topiclounge,284659
Shellie,Cuchey,scucheypz@yellowpages.com,Jazzy,245646
Ram,Leeburne,rleeburneq0@hhs.gov,Livetube,672307
Lamond,Clemenza,lclemenzaq1@taobao.com,Quinu,485181
Noami,Horlick,nhorlickq2@hhs.gov,Dazzlesphere,954634
Alex,Goodsall,agoodsallq3@bloomberg.com,Wordpedia,267210
Everard,Fain,efainq4@xrea.com,Abata,773414
Ric,Pedracci,rpedracciq5@ebay.com,Trunyx,438311
Dianemarie,Sifflett,dsifflettq6@indiegogo.com,Shuffletag,613572
Xenos,Keford,xkefordq7@webs.com,Fliptune,267280
Marta,Otteridge,motteridgeq8@skyrock.com,Pixoboo,990718
Abel,Criag,acriagq9@auda.org.au,Blogspan,60076
Nicolas,Cage,ncageqa@loc.gov,Tagcat,206717
Lavena,McGillecole,lmcgillecoleqb@github.io,Izio,893139
Alvis,Horlock,ahorlockqc@histats.com,Topdrive,147318
Perle,Lovemore,plovemoreqd@usatoday.com,Oyoyo,454234
Damian,Prangle,dprangleqe@ucoz.com,Katz,327923
Hilarius,McInally,hmcinallyqf@lycos.com,Aimbo,202234
Carin,Wais,cwaisqg@theatlantic.com,Thoughtmix,590010
Bertie,Ellse,bellseqh@privacy.gov.au,Myworks,442435
Rene,Lemary,rlemaryqi@nymag.com,Lajo,323082
Velvet,Doorbar,vdoorbarqj@google.com.br,Skimia,545676
Alwyn,Gwyer,agwyerqk@blogtalkradio.com,Oba,977069
Adair,Londer,alonderql@kickstarter.com,Katz,712726
Bucky,Beddingham,bbeddinghamqm@edublogs.org,Skyndu,569960
Sylvan,Mc Giffin,smcgiffinqn@altervista.org,Skinte,790459
Roseann,Convery,rconveryqo@walmart.com,DabZ,112328
Caitlin,Hurn,churnqp@dyndns.org,Twitterbeat,372562
Mirilla,Dolling,mdollingqq@sciencedirect.com,Buzzdog,166083
Elene,Waldie,ewaldieqr@people.com.cn,Kaymbo,454331
Cello,Bleasdille,cbleasdilleqs@netlog.com,Shufflebeat,410700
Georgie,Fettiplace,gfettiplaceqt@weebly.com,Teklist,583946
Coop,Rabat,crabatqu@themeforest.net,Cogilith,349804
Alphonse,Sennett,asennettqv@vimeo.com,Skippad,919209
Bentley,McGrath,bmcgrathqw@w3.org,Yozio,784009
Gratiana,Mackrell,gmackrellqx@feedburner.com,Jaxnation,932015
Joellyn,Croster,jcrosterqy@prlog.org,Tagfeed,634553
Oliviero,Hairon,ohaironqz@domainmarket.com,Fanoodle,826471
Levi,Cudd,lcuddr0@vinaora.com,Topicstorm,602310
Travers,Heale,thealer1@oracle.com,Wordtune,89072
Judah,MacShirrie,jmacshirrier2@google.co.jp,Gigashots,506694
Adlai,Caffrey,acaffreyr3@pagesperso-orange.fr,Flashpoint,835370
Valeria,Rogez,vrogezr4@senate.gov,Gabspot,121822
Athena,Ryle,aryler5@state.tx.us,Quaxo,613761
Ermina,Scothern,escothernr6@usgs.gov,Chatterpoint,226198
Arthur,Dragonette,adragonetter7@thetimes.co.uk,Yata,428447
Imogen,Jeremaes,ijeremaesr8@facebook.com,Edgewire,246848
Natala,Orrey,norreyr9@blinklist.com,Topicshots,242834
Mariejeanne,Raselles,mrasellesra@typepad.com,Skimia,481310
Kip,Pedreschi,kpedreschirb@engadget.com,Topicshots,370594
Fredelia,Guion,fguionrc@sphinn.com,Riffwire,941010
Igor,Defty,ideftyrd@hibu.com,Yodo,409739
Constantine,Lynam,clynamre@cisco.com,Feedmix,147224
Jena,Legrice,jlegricerf@cdbaby.com,Thoughtworks,679841
Massimo,Brockhurst,mbrockhurstrg@symantec.com,Oyonder,968947
Elizabet,Frew,efrewrh@mayoclinic.com,Ailane,689883
Salomo,Alvis,salvisri@wsj.com,Jazzy,307100
Doy,Axton,daxtonrj@sina.com.cn,Dabvine,816400
Sanford,Extance,sextancerk@nytimes.com,Dabfeed,150370
Alon,Roskell,aroskellrl@ucla.edu,Realmix,364581
Britni,Cubbino,bcubbinorm@newsvine.com,Zoonder,266760
Chick,Cowley,ccowleyrn@csmonitor.com,Bubblebox,771248
Antonin,Fryatt,afryattro@vistaprint.com,Twitterworks,260282
Allegra,Aleksashin,aaleksashinrp@sun.com,Buzzdog,342035
Phylys,Storms,pstormsrq@cafepress.com,Devshare,796174
Lark,Klus,lklusrr@who.int,Brainbox,320943
